<?xml version="1.0" encoding="UTF-8"?>
<!DOCTYPE mapper
  PUBLIC "-//mybatis.org//DTD Mapper 3.0//EN"
  "http://mybatis.org/dtd/mybatis-3-mapper.dtd">
  
  <mapper namespace="com.kedu.study.repository.EDMSFileRepository">

    <select id="findAllFiles" resultType="com.kedu.study.dto.EDMSFileDTO">
        SELECT * FROM edms_file
    </select>

    <select id="findFileById" parameterType="int" resultType="com.kedu.study.dto.EDMSFileDTO">
        SELECT * FROM edms_file WHERE file_id = #{fileId}
    </select>

    <insert id="insertFile" parameterType="com.kedu.study.dto.EDMSFileDTO">
        INSERT INTO edms_file (file_name, file_path, form_id, uploaded_at)
        VALUES (#{fileName}, #{filePath}, #{formId}, NOW())
    </insert>

    <update id="updateFile" parameterType="com.kedu.study.dto.EDMSFileDTO">
        UPDATE edms_file
        SET file_name = #{fileName}, file_path = #{filePath}, form_id = #{formId}
        WHERE file_id = #{fileId}
    </update>

    <delete id="deleteFile" parameterType="int">
        DELETE FROM edms_file WHERE file_id = #{fileId}
    </delete>

</mapper>
