<?xml version="1.0" encoding="UTF-8" ?>
<!DOCTYPE mapper PUBLIC "-//mybatis.org//DTD Mapper 3.0//EN"
  "https://mybatis.org/dtd/mybatis-3-mapper.dtd">

<mapper namespace="EmployeeMapper">

  <!-- ✅ 로그인 -->
  <select id="findByLoginIdAndPw" resultType="com.kedu.study.dto.LoginResponseDTO" parameterType="com.kedu.study.dto.LoginDTO">
    SELECT
      e.emp_loginId,
      e.emp_name,
      p.per_id,
      p.per_function,
      p.per_secure
    FROM
      employee e
    JOIN permission p ON e.emp_per_id = p.per_id
    WHERE
      e.emp_loginId = #{id}
      AND e.emp_pw = #{pw}
  </select>

  <!-- ✅ 사번 찾기 -->
  <select id="findEmpCodeIdByLoginId" parameterType="String" resultType="int">
    SELECT emp_code_id
    FROM employee
    WHERE emp_loginId = #{loginId}
  </select>

  <!-- ✅ 결재용 간이 조회 -->
  <select id="takeAllemployee" resultType="com.kedu.study.dto.ApproverInfoDTO">
    SELECT 
      e.emp_code_id AS empCodeId,
      e.emp_name AS empName,
      e.emp_job_id AS empJobId,
      j.job_name AS jobName
    FROM employee e
    LEFT JOIN job j ON e.emp_job_id = j.job_id
  </select>

  <!-- ✅ 특정 사원 ID 조회 -->
  <select id="takeEmployeeById" parameterType="int" resultType="com.kedu.study.dto.ApproverInfoDTO">
    SELECT 
      e.emp_code_id AS empCodeId,
      e.emp_name AS empName,
      e.emp_job_id AS empJobId,
      j.job_name AS jobName
    FROM employee e
    LEFT JOIN job j ON e.emp_job_id = j.job_id
    WHERE e.emp_code_id = #{id}
  </select>

  <!-- ✅ 모든 사원 정보 (+ 부서, 직급) -->
  <select id="selectAllEmps" resultMap="employeeMap">
    SELECT 
      e.*,
      d.dept_id,
      d.dept_name,
      d.dept_manager,
      d.upper_dept,
      j.job_id,
      j.job_name
    FROM employee e
    JOIN department d ON e.emp_dept_id = d.dept_id
    JOIN job j ON e.emp_job_id = j.job_id
  </select>

  <!-- ✅ 부서 목록 -->
  <select id="selectAllDepts" resultType="com.kedu.study.dto.DepartDTO">
    SELECT * FROM department
  </select>

  <!-- ✅ 내 부서 ID -->
  <select id="takeDeptId" resultType="int">
    SELECT emp_dept_id
    FROM employee
    WHERE emp_loginId = #{loginId}
  </select>

  <!-- ✅ 사원 상세 결과 맵핑 -->
  <resultMap id="employeeMap" type="com.kedu.study.dto.EmployeeDTO">
    <id property="emp_code_id" column="emp_code_id" />
    <result property="emp_name" column="emp_name" />
    <result property="emp_email" column="emp_email" />
    <result property="emp_job_id" column="emp_job_id" />
    <result property="emp_loginId" column="emp_loginId" />
    <result property="emp_pw" column="emp_pw" />
    <result property="emp_per_id" column="emp_per_id" />
    <result property="emp_dept_id" column="emp_dept_id" />
    <result property="emp_rrn" column="emp_rrn" />
    <result property="emp_phone" column="emp_phone" />
    <result property="hire_date" column="hire_date" />
    <result property="salary" column="salary" />
    <result property="isDeft" column="isDeft" />
    <result property="postcode" column="postcode" />
    <result property="address1" column="address1" />
    <result property="address2" column="address2" />

    <!-- 👇 dept 정보 매핑 -->
    <association property="departDTO" javaType="com.kedu.study.dto.DepartDTO">
      <result property="dept_id" column="dept_id" />
      <result property="dept_name" column="dept_name" />
      <result property="dept_manager" column="dept_manager" />
      <result property="upper_dept" column="upper_dept" />
    </association>

    <!-- 👇 job 정보 매핑 -->
    <association property="jobDTO" javaType="com.kedu.study.dto.JobDTO">
      <result property="job_id" column="job_id" />
      <result property="job_name" column="job_name" />
    </association>
  </resultMap>

</mapper>
