<?xml version="1.0" encoding="UTF-8" ?>
<!DOCTYPE mapper PUBLIC "-//mybatis.org//DTD Mapper 3.0//EN"
  "https://mybatis.org/dtd/mybatis-3-mapper.dtd">
  
<mapper namespace="schedule">

	<insert id="inputEvent" parameterType="com.kedu.study.dto.ScheduleDTO">
		INSERT into schedule values ( 
			  sche_seq.nextval,
		      #{c_id, jdbcType=INTEGER},
		      #{title, jdbcType=VARCHAR},
		      #{content, jdbcType=VARCHAR},
		      #{emp_id},
		      #{start_date, jdbcType=DATE},
		      #{end_date, jdbcType=DATE},
		      #{startTime, jdbcType=TIMESTAMP},
		      #{endTime, jdbcType=TIMESTAMP})
	</insert>
	
	<select id="getComEvents" resultType="com.kedu.study.dto.ScheduleDTO">
		SELECT s.id
			 , s.c_id
			 , s.title
			 , s.content
			 , s.emp_id
			 , s.start_date
			 , s.end_date
			 , s.startTime
			 , s.endTime
			 , c.color
		  FROM schedule s 
		  JOIN calendar c ON s.c_id = c.c_id 
		 WHERE c.public_code = 30
	</select>
	
	<select id="getMyEvents" resultType="com.kedu.study.dto.ScheduleDTO">
		SELECT s.id
			 , s.c_id
			 , s.title
			 , s.content
			 , s.emp_id
			 , s.start_date
			 , s.end_date
			 , s.startTime
			 , s.endTime
			 , c.color
		  FROM schedule s 
		  JOIN calendar c ON s.c_id = c.c_id 
		 WHERE c.emp_id = ${emp_code_id}
	</select>
	
	<select id="shareEvents" resultType="com.kedu.study.dto.ScheduleDTO">
	SELECT s.id
		 , s.c_id
 		 , s.title
		 , s.content
		 , s.emp_id
		 , s.start_date
		 , s.end_date
		 , s.startTime
		 , s.endTime
		 , c.color 
	  FROM SCHEDULE s
	  JOIN calendar c ON s.c_id = c.c_id 
	 WHERE c.C_ID IN (
	SELECT C_ID 
	  FROM CALENDAR_SHARE
	 WHERE TARGET_TYPE = 'EMP' AND TARGET_ID = #{emp_code_id}
	UNION ALL
	SELECT C_ID 
	  FROM CALENDAR_SHARE
	 WHERE TARGET_TYPE = 'DEPT' AND TARGET_ID = (SELECT EMP_DEPT_ID FROM EMPLOYEE WHERE EMP_CODE_ID = #{emp_code_id}))

	</select>
	
	<select id="selectEvent" resultType="com.kedu.study.dto.ScheduleDTO">
		SELECT * from schedule WHERE id = ${id}
	</select>
	
	<delete id="deleteEvent">
		DELETE from schedule WHERE id = ${id}
	</delete>
	
	<update id="updateById">
		UPDATE schedule SET title=#{title}, content=#{content}, start_date=#{start_date}, end_date=#{end_date}, startTime=#{startTime}, endTime=#{endTime} WHERE id=#{id}
	</update>
	
	<select id="todaySchedule" resultType="com.kedu.study.dto.ScheduleDTO">
		SELECT * from schedule
  		 WHERE start_date = to_date(to_char(sysdate,'yyyy-mm-dd'),'yyyy-mm-dd')
	</select>
	
	

</mapper>